source,assistant,hallucination
"{""Make"": ""Toyota"", ""Model"": ""Camry"", ""Year"": 2023, ""Engine"": ""2.5L I4"", ""Transmission"": ""8-speed automatic"", ""FuelEconomy"": {""City"": ""28 MPG"", ""Highway"": ""39 MPG""}, ""Price"": ""$25,000""}","The 2023 Toyota Camry features a 2.5L I4 engine with an 8-speed automatic transmission, offering fuel economy of 28 MPG city and 39 MPG highway, priced at $25,000.",false
"Experience the thrill of the Ford Mustang from 2022! This iconic sports car features a robust 5.0L V8 engine paired with a 6-speed manual transmission. It offers a fuel economy of 15 MPG in the city and 24 MPG on highways, all at an attractive price of $36,000. With its classic design and powerful performance, the Mustang remains a favorite for car enthusiasts.","The 2022 Ford Mustang is an eco-friendly electric car with a 4.0L hybrid engine, delivering an impressive 100 MPG fuel economy, and priced at $40,000.",true
"Make: BMW Model: 3 Series Year: 2023 Engine: 2.0L Turbo Inline-4 Transmission: 8-speed automatic FuelEconomy: City: ""26 MPG"" Highway: ""36 MPG"" Price: ""$41000""","The 2023 BMW 3 Series comes with a 2.0L Turbo Inline-4 engine, an 8-speed automatic transmission, and delivers fuel economy of 26 MPG city and 36 MPG highway at a price of $41,000.",false
"Car Model: Honda Accord (2021) - Engine: 1.5L Turbocharged Inline-4 - Transmission: Continuously Variable Transmission (CVT) - Fuel Economy: 30 MPG city / 38 MPG highway - Price: $24500 - Notable Features: Advanced safety suite, touchscreen display, smartphone integration","The 2021 Honda Accord is known for its luxurious performance with a 3.5L V6 engine, a 6-speed manual transmission, and a staggering top speed of 180 MPH, making it one of the most expensive sedans in its class.",true
"{""Company"": ""Apple Inc"", ""Quarter"": ""Q1 2023"", ""Revenue"": ""$94.8B"", ""NetIncome"": ""$23.6B"", ""EPS"": ""1.52""}","Apple Inc reported $94.8B in revenue and $23.6B in net income for Q1 2023, with an EPS of 1.52.",false
"Tesla Q1 2023: Tesla reported revenue of $24.3B and net income of $2.3B, with a significant increase in vehicle deliveries.","Tesla's Q1 2023 revenue reached $50B with net income of $10B, marking the highest growth in its history.",true
"Company: Amazon; Quarter: Q1 2023; Revenue: $127.1B; NetIncome: $2.5B; EPS: 0.22","Amazon reported $127.1B in revenue, $2.5B net income, and an EPS of 0.22 in Q1 2023.",false
"Company: Microsoft - Quarter: Q1 2023 - Revenue: $52.9B - Net Income: $18.8B - EPS: 2.48","Microsoft's Q1 2023 results showed a revenue of $60B, net income of $20B, and an EPS of 3.00, surpassing all previous records.",true
"{""meeting"":""Internal Briefing"",""date"":""2023-03-15"",""participants"":[""Alice"",""Bob"",""Charlie""],""topics"":[""Budget review"",""Project updates""],""summary"":""All departments reported on progress.""}","The meeting transcript from March 15, 2023, details budget review and project updates with all departments providing updates.",false
"Internal Briefing on 2023-03-16: CEO announced a merger with GlobalTech, followed by Q&A session.","The transcript confirms that the CEO confirmed a merger with TechWorld and announced record profits.",true
"Meeting: Internal Briefing; Date: 2023-03-17; Agenda: IT infrastructure update, Security audit; Outcome: Approval of new software.","The transcript outlines an internal briefing on March 17, 2023, focusing on IT infrastructure and security, with software upgrade approval.",false
"Internal Briefing (2023-03-18): - Topic: Marketing strategy update - Discussion: Increase in budget allocation - Decision: Launch new product line","The transcript reveals that the marketing team decided to cut the budget and postpone the product launch indefinitely.",true
"{""title"": ""Effects of Climate Change on Marine Life"", ""authors"": [""Dr. Smith"", ""Dr. Johnson""], ""year"": 2022, ""objective"": ""Assess impact of rising ocean temperatures"", ""findings"": ""Significant shifts in species distribution observed.""}","A study published in 2022 by Dr. Smith and Dr. Johnson on marine life found significant shifts in species distribution due to climate change.",false
"Research Paper: Quantum Entanglement in Biological Systems; Year: 2021; Authors: Dr. Alice, Dr. Bob; Abstract: Investigates quantum processes in biological tissues.","The study conclusively proved that quantum entanglement directly influences human consciousness, revolutionizing neuroscience.",true
"title: Advances in Renewable Energy; authors: [Dr. Green, Dr. Eco]; year: 2023; objective: Evaluate efficiency improvements in solar panels; findings: Increased energy conversion rates by 20%","A 2023 study by Dr. Green and Dr. Eco demonstrated a 20% improvement in solar panel energy conversion rates.",false
"Research Summary: Breakthrough in CRISPR gene editing; Year: 2022; Details: Study shows increased accuracy and fewer off-target effects.","The CRISPR breakthrough in 2022 proved that genetic mutations can be completely eradicated, eliminating all hereditary diseases.",true
"{""policy"": ""Remote Work"", ""section"": ""Employee Guidelines"", ""effective_date"": ""2023-05-01"", ""summary"": ""Employees can work remotely up to three days per week.""}","The company policy allows employees to work remotely up to three days a week, effective May 1, 2023, under the Employee Guidelines section.",false
"Policy: Expense Approval; Effective Date: 2023-06-01; Detail: All expenses over $100 require manager approval.","All expenses under $50 require approval, effective 2022-01-01, contrary to the stated policy.",true
"Company Policy: Confidentiality Agreement; - Employees must sign a confidentiality agreement; - Violations may result in termination; Effective: 2023-04-15","Employees are required to sign a confidentiality agreement as per the company policy effective April 15, 2023, with serious consequences for breaches.",false
"Policy: Work Hours; Standard work hours are 9am to 5pm; Overtime requires pre-approval; Updated: 2023-07-01","The work hours policy states that employees must work from 8am to 4pm with mandatory overtime on weekends, effective July 2023.",true
"{""contract_type"": ""Employment"", ""effective_date"": ""2023-09-01"", ""parties"": [""Company A"", ""Employee B""], ""terms"": ""Full-time, 40 hours/week, benefits included""}","The employment contract between Company A and Employee B, effective September 1, 2023, specifies full-time employment of 40 hours per week with benefits.",false
"Contract: Service Agreement between ABC Corp and XYZ Ltd; Start: 2023-08-15; Duration: 12 months; Scope: IT consulting services.","The service agreement between ABC Corp and XYZ Ltd, starting August 15, 2023, is for 24 months of IT consulting services.",true
"Agreement: Non-Disclosure; Parties: Company X, Company Y; Date: 2023-07-10; Terms: Confidentiality for 5 years.","The non-disclosure agreement between Company X and Company Y, dated July 10, 2023, requires confidentiality for a period of 5 years.",false
"Contract - Sales Agreement - Buyer: Company Z; Seller: Supplier W; Date: 2023-06-20; Terms: Purchase of 1000 units at $10 each.","The sales agreement dated June 20, 2023, between Company Z and Supplier W, commits to the purchase of 5000 units at $15 each.",true
"Employment Contract: This Agreement between ABC Corporation and John Doe is effective as of October 1, 2023, and sets forth the terms of full-time employment, including salary, benefits, and job responsibilities.","The employment contract between ABC Corporation and John Doe effective October 1, 2023 outlines full-time employment terms with specified salary, benefits, and responsibilities.",false
"Service Agreement: A binding contract between Company X and Company Y commencing on 2023-11-15 for IT support services, detailed in section 4.2, with defined termination rights.","The service agreement between Company X and Company Y, starting on November 15, 2023 for IT support services, includes an additional profit-sharing clause not mentioned in the original contract.",true
"Sales Contract - From the Agreement Handbook: 'On June 10, 2023, Supplier Z entered into a sales contract with Retailer Q for the delivery of 500 units at a unit price of $20, with payment terms of net 30 days.'","The sales contract between Supplier Z and Retailer Q, effective June 10, 2023, confirms the sale of 500 units at $20 each with net 30 payment terms.",false
"License Agreement: /* Effective Date: 2023-05-05; Licensor: SoftwareCo; Licensee: Developer Inc; Terms: Grant of non-exclusive license for distribution */","According to the license agreement from SoftwareCo to Developer Inc effective May 5, 2023, the non-exclusive license includes unexpected rights to software maintenance.",true
"Fiction Story Excerpt: Once upon a time in a magical forest, a brave knight embarked on a quest to rescue a princess trapped in a high tower.","The narrative details a knight's quest in a magical forest to save a princess, capturing the essence of classic fairy tales.",false
"Fiction Story Excerpt: In a futuristic cityscape, a detective uncovers a secret society controlling time itself, with clues hidden in ancient manuscripts.","The story describes a detective in a futuristic city who discovers that time is controlled by a secret group of extraterrestrial beings, not mentioned in the excerpt.",true
"Fiction Story Excerpt: The mysterious letter, delivered by an unseen hand, promised adventure and peril to the humble farmer, turning his world upside down.","This excerpt reveals a mysterious letter that challenges a humble farmer with unexpected adventures and dangers, as originally written.",false
"Fiction Story Excerpt: On a stormy night, the lone wanderer encountered a spectral figure who offered cryptic advice about the nature of destiny.","The narrative claims that the spectral figure foretold the wanderer's destiny by naming his future empire, diverging from the original text.",true
"127.0.0.1 - frank [10/Oct/2000:13:55:36 -0700] ""GET /apache_pb.gif HTTP/1.0"" 200 2326 Referrer: http://www.example.com/start.html; User-Agent: Mozilla/4.08 (Win98; I ;Nav); SessionID: abc123; RequestTime: 123ms","Apache log showing GET request for /apache_pb.gif by frank with status 200 and session abc123.",false
"Apr 28 16:42:10 server1 systemd[1]: Started Session 123 of user root; LoginTime: 16:41:58; CPU usage: 0.2%; Memory: 3MB; ProcessID: 4567; Service initiated successfully; Network connection established.","System log shows session start for root user with minimal CPU and memory usage, though the summary incorrectly states higher resource usage.",true
"Timestamp: 2023-10-01T12:34:56Z; Level: ERROR; Service: auth; Message: Failed login attempt from user jdoe; Details: Incorrect password, IP: 192.168.1.15; Action: Account locked; Retry allowed after 15 minutes.","Auth error log indicating failed login by jdoe and account locked due to incorrect password.",false
"2023-10-01 12:35:00, ERROR, Nginx: Connection timed out while waiting for upstream; Details: Upstream server 10.0.0.2 did not respond within 30 seconds; Fallback: Request redirected to backup server; Warning: Timeout occurred; LogID: 78910.","Nginx error log incorrectly claims that the backup server processed the request successfully, despite a connection timeout.",true
"Interviewer: 'What inspired you to become an entrepreneur?' Interviewee: 'I always had a passion for innovation and solving real-world problems.'","The conversation reflects the interviewee's passion for innovation as a key factor in their entrepreneurial journey.",false
"Interviewer: 'How do you see the future of artificial intelligence impacting daily life?' Interviewee: 'AI will revolutionize healthcare, education, and even interpersonal communication.'","The interview reveals that the interviewee believes AI will completely replace human jobs in all sectors within the next year.",true
"Host: 'Can you describe the challenges you faced during your startup's early days?' Guest: 'We had to overcome significant financial hurdles and fierce competition from established players.'","The snippet highlights the early challenges of financial difficulties and competition, as described by the guest.",false
"Journalist: 'What was your reaction when you first heard about the groundbreaking discovery?' Scientist: 'I was astonished and deeply moved by the potential to change our understanding of the universe.'","The conversation inaccurately claims that the discovery was related to time travel, which was not mentioned by the scientist.",true
"Charming Victorian House: Built in 1890, this three-story home features original woodwork, stained glass windows, and modern amenities seamlessly integrated into its historical design.","The Victorian house, built in 1890, features ornate woodwork and vintage stained glass windows, combined with modern upgrades.",false
"Modern Office Building: A sleek, glass-fronted skyscraper located in downtown, boasting LEED certification and an open floor design that encourages collaboration.","This modern office building, a glass skyscraper with an open floor layout, is noted for its sustainable design, though it is actually built from conventional materials and lacks LEED certification.",true
"House Description: - Location: Countryside - Style: Ranch - Features: Spacious backyard, solar panels, open floor plan, eco-friendly materials.","This countryside ranch features a spacious backyard and solar panels integrated into its open floor plan with eco-friendly construction.",false
"Boutique Hotel: Nestled in the heart of the city, this hotel offers 50 uniquely designed rooms, an on-site restaurant, and panoramic skyline views.","The boutique hotel in the city center boasts 50 unique rooms and panoramic skyline views, but the assistant mistakenly mentions a spa and over 100 rooms.",true
"Python Code: def process_data(data): processed = [x*2 for x in data if x > 0]; return sum(processed); if __name__ == '__main__': data = [1, -2, 3, 4, -1]; result = process_data(data); print('Result:', result)","This Python script processes a list of integers by doubling positive values and summing them, then prints the result.",false
"JavaScript Code: function fetchData(url) { return fetch(url).then(response => response.json()).then(data => data.results).catch(error => console.error('Error:', error)); } async function displayData() { const results = await fetchData('https://api.example.com/data'); results.forEach(item => console.log(item.id, item.value)); } displayData();","This code synchronously retrieves data from a local file system and logs the entire unparsed response object.",true
"SQL Code: CREATE PROCEDURE GetActiveUsers() BEGIN SELECT id, username FROM users WHERE active = 1; UPDATE users SET last_checked = NOW() WHERE active = 1; END; CALL GetActiveUsers();","This SQL script creates a stored procedure GetActiveUsers that selects active users and updates their last_checked timestamp, then calls the procedure.",false
"Bash Script: #!/bin/bash; for file in /var/log/*.log; do echo 'Processing' $file; grep 'ERROR' $file > ${file%.log}_errors.log; done; echo 'Error logs have been generated.'","This Bash script iterates over log files in /var/log, searches for error messages, and then deletes any log file that contains errors.",true
"Recipe: Classic Chocolate Chip Cookies. Ingredients: 2 1/4 cups all-purpose flour, 1 cup unsalted butter (softened), 3/4 cup granulated sugar, 3/4 cup brown sugar, 2 large eggs, 1 tsp vanilla extract, 1 tsp baking soda, 1/2 tsp salt, 2 cups chocolate chips. Directions: Preheat oven to 375°F; cream butter and sugars, add eggs and vanilla; combine dry ingredients; fold in chocolate chips; drop spoonfuls onto a baking sheet; bake for 10-12 minutes.","This classic chocolate chip cookie recipe yields soft, chewy cookies in about 12 minutes per batch.",false
"Recipe: Chicken Alfredo. Ingredients: 300g fettuccine, 200g chicken breast, 1 cup heavy cream, 1/2 cup grated Parmesan cheese, 2 cloves garlic, salt and pepper to taste. Directions: Cook pasta until al dente; sauté chicken until golden; add garlic, cream, and Parmesan; simmer until thickened; toss pasta in the sauce and serve hot.","This Chicken Alfredo recipe inexplicably replaces heavy cream with coconut milk and substitutes chicken with tofu, suggesting a fusion twist that strays from the classic Italian method.",true